"Whip It (2009 Remaster)","Devo","Freedom of Choice (2009 Remaster; Deluxe Edition)","People Jams","Playlist","USWB10903962"
"Who Can It Be Now?","Men At Work","Business As Usual","People Jams","Playlist","NLB638140001"
"Once in a Lifetime","Talking Heads","Remain in Light","People Jams","Playlist","USWB19900867"
"Day Tripper","The Beatles","1","People Jams","Playlist","GBUM71505892"
"Everywhere","Fleetwood Mac","Tango in the Night","People Jams","Playlist","USRH11602189"
"Rock the Casbah","The Clash","Combat Rock","People Jams","Playlist","GBBBN8200023"
"What a Fool Believes","The Doobie Brothers","Minute by Minute","People Jams","Playlist","USWB10902441"
"Ventura Highway","America","Homecoming","People Jams","Playlist","USWB19901795"
"American Girl","Tom Petty And The Heartbreakers","Tom Petty And The Heartbreakers","People Jams","Playlist","USMC17641688"
"Margaritaville","Jimmy Buffett","Changes In Latitudes, Changes In Attitudes","People Jams","Playlist","USMC17601193"
"Bennie And The Jets","Elton John","Goodbye Yellow Brick Road","People Jams","Playlist","GBUM71304955"
"Roam","The B-52's","Cosmic Thing (30th Anniversary Expanded Edition)","People Jams","Playlist","USRH11901964"
"Video Killed The Radio Star","The Buggles","The Age Of Plastic","People Jams","Playlist","GBAAN7900013"
"Rebel Rebel","David Bowie","Diamond Dogs","People Jams","Playlist","USJT11600006"
"Dancing with Myself (2001 Remaster)","Billy Idol","Anthology","People Jams","Playlist","GBAYK0100065"
"Nothin' But A Good Time","Poison","Open Up And Say . . . Ahh!","People Jams","Playlist","USCA28800138"
"Kokomo","The Beach Boys","Made In California","People Jams","Playlist","USNPD0713481"
"The Boys Of Summer","Don Henley","Building The Perfect Beast","People Jams","Playlist","USGF18502601"
"Wheel in the Sky","Journey","Infinity","People Jams","Playlist","USSM17800105"
"Cherry Pie","Warrant","Cherry Pie (Expanded Edition)","People Jams","Playlist","USSM10006917"
"Running on Empty","Jackson Browne","Running on Empty(Remastered)","People Jams","Playlist","USRH11800069"
"Free Ride","The Edgar Winter Group","They Only Come Out At Night","People Jams","Playlist","USSM17200422"
"Ahead By A Century","The Tragically Hip","Trouble At The Henhouse","People Jams","Playlist","CAM199600015"
"Gloria","Laura Branigan","Branigan","People Jams","Playlist","USAT28400033"
"Message In A Bottle","The Police","Reggatta De Blanc (Remastered 2003)","People Jams","Playlist","GBAAM0201170"
"Summer of 69 (Classic Version)","Bryan Adams","Classic","People Jams","Playlist","US23A1515535"
"Crazy Little Thing Called Love","Queen","The Game","People Jams","Playlist","GBUM71029612"
"Years In The Making","Arkells","Blink Once","People Jams","Playlist","CAGGP2000001"
"Danger Zone (From ""Top Gun"" Original Soundtrack)","Kenny Loggins","Yesterday, Today, Tomorrow - The Greatest Hits Of Kenny Loggins","People Jams","Playlist","USSM18600108"
"Stayin Alive","Bee Gees","How Can You Mend A Broken Heart","People Jams","Playlist","USRH10721057"
"Hooked On A Feeling","Blue Swede","Hooked On A Feeling: 40th Anniversary Collection","People Jams","Playlist","SEAMA7343050"
"Hotel California","Eagles","Hotel California","People Jams","Playlist","USEE11300353"
"Africa","Toto","Toto IV","People Jams","Playlist","USSM19801941"
"Walking On Sunshine","Katrina & The Waves","Katrina & The Waves","People Jams","Playlist","USCA28500452"
"Ain't No Mountain High Enough","Marvin Gaye","United","People Jams","Playlist","USMO16700534"
"Got My Mind Set on You","George Harrison","Cloud Nine","People Jams","Playlist","GBEXP0300054"
"Mrs. Robinson (From ""The Graduate"" Soundtrack)","Simon & Garfunkel","Bookends","People Jams","Playlist","USSM16800379"
"Black or White (Single Version)","Michael Jackson","Number Ones","People Jams","Playlist","USSM10312784"
"September","Earth, Wind & Fire","New Year's Eve - NYE 2018/2019","People Jams","Playlist","USSM17800253"
"Take on Me","a-ha","Hunting High and Low","People Jams","Playlist","USWB19901214"
"Break My Stride","Matthew Wilder","I Don't Speak The Language","People Jams","Playlist","USSM18300576"
"Great Balls Of Fire","Jerry Lee Lewis","Jerry Lee's Greatest","People Jams","Playlist","USSE60370213"
"Livin' On A Prayer","Bon Jovi","Slippery When Wet","People Jams","Playlist","USPR38619998"
"Billie Jean","Michael Jackson","Thriller 25 Super Deluxe Edition","People Jams","Playlist","USSM19902991"
"Hold the Line","Toto","Toto","People Jams","Playlist","USSM17800444"
"Panama","Van Halen","1984","People Jams","Playlist","USWB11403681"
"I Ain't Worried","OneRepublic","I Ain’t Worried (Music From The Motion Picture ""Top Gun: Maverick"")","People Jams","Playlist","USUM72206227"
"We Didn't Start the Fire","Billy Joel","Storm Front","People Jams","Playlist","USSM18900217"
"Wake Me Up Before You Go-Go","Wham!","Make It Big","People Jams","Playlist","GBBBN0009712"
"Sweet Caroline","Neil Diamond","50th Anniversary Collection","People Jams","Playlist","USMC16991138"
"I'm Still Standing","Elton John","Too Low For Zero","People Jams","Playlist","GBALX8300190"
"Don't Stop Believin' (2022 Remaster)","Journey","Escape (2022 Remaster)","People Jams","Playlist","USSM18100116"
"Y.M.C.A.","Village People","Cruisin'","People Jams","Playlist","USPR37800001"
"Jump","Van Halen","1984","People Jams","Playlist","USWB11403680"
"Celebration","Kool & The Gang","Celebrate!","People Jams","Playlist","USPR38007190"
"The Power Of Love","Huey Lewis & The News","Greatest Hits:  Huey Lewis And The News","People Jams","Playlist","USCA20600519"
"Wanted Dead Or Alive","Bon Jovi","Slippery When Wet","People Jams","Playlist","USPR39402222"
"HIGHER","Bishop Briggs","HIGHER","People Jams","Playlist","USUG12002193"
"1975","Silent Child","Paranoid Optimist","People Jams","Playlist","CA6D22200225"
"Escape (The Pina Colada Song)","Rupert Holmes","Partners In Crime","People Jams","Playlist","USMC17948997"
"You Make My Dreams (Come True)","Daryl Hall & John Oates","Voices","People Jams","Playlist","USRC10301828"
"You Give Love A Bad Name","Bon Jovi","Slippery When Wet","People Jams","Playlist","USPR39402224"
"Build Me Up Buttercup (Mono)","The Foundations","Baby Now That I've Found You","People Jams","Playlist","GBAJE6800059"
"Down Under","Men At Work","Business As Usual","People Jams","Playlist","USSM18100411"
"Piano Man","Billy Joel","Piano Man (Legacy Edition)","People Jams","Playlist","USSM17300504"
"All Summer Long","Kid Rock","Rock n Roll Jesus","People Jams","Playlist","USAT20704333"
"Greased Lightnin' (From “Grease”)","John Travolta","Grease (The Original Motion Picture Soundtrack)","People Jams","Playlist","NLF057890008"
"Blame It on the Boogie","The Jacksons","Destiny","People Jams","Playlist","USSM17801024"
"Paradise City","Guns N' Roses","Appetite For Destruction","People Jams","Playlist","USGF18714806"
"Gangsta's Paradise","Coolio","Gangsta's Paradise","People Jams","Playlist","USTB10400128"
"Feel It Still","Portugal. The Man","Woodstock","People Jams","Playlist","USAT21700437"
"Dancing in the Moonlight","Toploader","Onka's Big Moka","People Jams","Playlist","GBBBL9902165"
"You Should Be Dancing","Bee Gees","The Ultimate Bee Gees","People Jams","Playlist","USRH10722668"
"Moves Like Jagger","Maroon 5","Singles","People Jams","Playlist","USUM71109132"
"Don't Stop Me Now","Queen","Golf Hits","People Jams","Playlist","GBCEG7800014"
"Johnny B. Goode","Chuck Berry","Berry Is On Top","People Jams","Playlist","USMC15719963"
"Get Lucky (Radio Edit - feat. Pharrell Williams and Nile Rodgers)","Daft Punk","Get Lucky (Radio Edit - feat. Pharrell Williams and Nile Rodgers)","People Jams","Playlist","USQX91300809"
"What I Like About You","The Romantics","What I Like About You                   (And Other Romantic Hits)","People Jams","Playlist","USSM10020612"
"Sh-Boom","The Chords","Jukebox Rock","People Jams","Playlist","USAT20703265"
"Happy (From ""Despicable Me 2"")","Pharrell Williams","G I R L","People Jams","Playlist","USQ4E1300686"
"Lean on Me","Bill Withers","Lean on Me: The Best of Bill Withers","People Jams","Playlist","USSM17200084"
"Let's Get It Started","The Black Eyed Peas","NOW 2000's (2000-2005)","People Jams","Playlist","USIR10400344"
"Mambo No. 5 (a Little Bit of...)","Lou Bega","A Little Bit of Mambo","People Jams","Playlist","DEH259900010"
"Pompeii","Bastille","All This Bad Blood","People Jams","Playlist","GBAAA1200795"
"Safe And Sound","Capital Cities","30 Top Pop Hits","People Jams","Playlist","USCA21203108"
"Hall of Fame","The Script","#3","People Jams","Playlist","GBARL1201055"
"Another One Bites The Dust","Queen","Rock para estallar los parlantes","People Jams","Playlist","GBCEE8000027"
"Bohemian Rhapsody","Queen","Este Es El Rock Que Necesito","People Jams","Playlist","GBCEE0500364"
"Rock with You (Single Version)","Michael Jackson","Off the Wall","People Jams","Playlist","USSM17900817"
"Beat It","Michael Jackson","Thriller 25 Super Deluxe Edition","People Jams","Playlist","USSM19902990"
"Cake By The Ocean","DNCE","DNCE","People Jams","Playlist","USUM71514637"
"Dream On","Aerosmith","Aerosmith","People Jams","Playlist","USSM10011897"
"I Got You (1964 Smash Version)","James Brown","Get On Up - The James Brown Story","People Jams","Playlist","USF066500010"
"Walk Of Life","Dire Straits","The Best Of Dire Straits & Mark Knopfler - Private Investigations","People Jams","Playlist","GBF088500675"
"Cooler Than Me (Single Mix)","Mike Posner","31 Minutes to Takeoff","People Jams","Playlist","USJAY1000035"
"Love Me Again","John Newman","Tribute","People Jams","Playlist","GBUM71301538"
"Out of My League","Fitz and The Tantrums","More Than Just a Dream (Deluxe Edition)","People Jams","Playlist","USAT21300149"
"The Walker","Fitz and The Tantrums","More Than Just a Dream (Deluxe Edition)","People Jams","Playlist","USAT21300240"
"Glad You Came","The Wanted","The Wanted (Special Edition)","People Jams","Playlist","GBUM71107952"
"Notion","The Rare Occasions","Notion","People Jams","Playlist","USHM21617726"
"Forget You","CeeLo Green","The Lady Killer (Deluxe)","People Jams","Playlist","USAT21001778"
"On Top Of The World","Imagine Dragons","Night Visions (Expanded Edition / Super Deluxe)","People Jams","Playlist","USUM71201073"
"Some Nights","fun.","Some Nights","People Jams","Playlist","USAT21104050"
"Black Betty","Ram Jam","Ram Jam","People Jams","Playlist","USSM10211288"
"Everybody Talks","Neon Trees","Picture Show","People Jams","Playlist","USUM71119189"
"It's Still Rock and Roll to Me","Billy Joel","Glass Houses","People Jams","Playlist","USSM18000211"
"Fly Me To The Moon (2008 Remastered)","Frank Sinatra","Nothing But The Best (2008 Remastered)","People Jams","Playlist","USRH10723029"
"You Really Got Me","Van Halen","Van Halen","People Jams","Playlist","USWB11403670"
"Do I Wanna Know?","Arctic Monkeys","AM","People Jams","Playlist","GBCEL1300362"
"Killer Queen","Queen","Sheer Heart Attack","People Jams","Playlist","GBUM71029606"
"Blurred Lines","Robin Thicke","Blurred Lines (Deluxe)","People Jams","Playlist","USUM71307668"
"Eye of the Tiger","Survivor","Rocky IV","People Jams","Playlist","USVR19600010"
"My Generation","The Who","Minions (Original Motion Picture Soundtrack)","People Jams","Playlist","GBUM71406026"
"Somebody To Love","Queen","A Day At The Races","People Jams","Playlist","GBUM71029613"
"Stop Loving You","Toto","The Seventh One","People Jams","Playlist","USSM18700225"
"Here Comes The Feeling","Asia","Asia","People Jams","Playlist","USGF18200809"
"Everybody Wants To Rule The World","Tears For Fears","Songs From The Big Chair","People Jams","Playlist","GBF088590110"
"Troublemaker","Olly Murs","Right Place Right Time (Expanded Edition)","People Jams","Playlist","GBARL1201891"
"I Want You Back","Jackson 5","Diana Ross Presents The Jackson 5","People Jams","Playlist","USMO19400306"
"Any Way You Want It","Journey","Departure","People Jams","Playlist","USSM18100114"
"Here Comes The Sun (Remastered 2009)","The Beatles","Abbey Road","People Jams","Playlist","GBAYE0601696"
"Sultans Of Swing","Dire Straits","The Best Of Dire Straits & Mark Knopfler - Private Investigations","People Jams","Playlist","GBF089601041"
"Sweet Child O' Mine","Guns N' Roses","Appetite For Destruction","People Jams","Playlist","USGF18714809"
"Let's Groove","Earth, Wind & Fire","Raise!","People Jams","Playlist","USSM18100641"
"Faith","George Michael","Faith","People Jams","Playlist","GBARL1000855"
"Superstition (Single Version)","Stevie Wonder","The Definitive Collection","People Jams","Playlist","USMO10000310"
"Sweet Dreams (Are Made of This) (2005 Remaster)","Eurythmics","Kinds of Kindness (Original Motion Picture Soundtrack)","People Jams","Playlist","GBARL0300589"
"Don't Bring Me Down","Electric Light Orchestra","Discovery","People Jams","Playlist","USSM10015734"
"Welcome To The Jungle","Guns N' Roses","Appetite For Destruction","People Jams","Playlist","USGF18714801"
"Therapy","Conro","Level Days","People Jams","Playlist","CA6D22000083"
"My Way","Frank Sinatra","My Way (Expanded Edition)","People Jams","Playlist","USRH10902101"
"That's Life","Frank Sinatra","That's Life","People Jams","Playlist","USRH10800967"
"You Shook Me All Night Long","AC/DC","Back In Black","People Jams","Playlist","AUAP08000047"
"Back In Black","AC/DC","Back In Black","People Jams","Playlist","AUAP08000046"
"Sir Duke","Stevie Wonder","Songs In The Key Of Life","People Jams","Playlist","USMO17600526"
"Signed, Sealed, Delivered (I'm Yours)","Stevie Wonder","Signed Sealed And Delivered","People Jams","Playlist","USMO17082643"
"I Just Called To Say I Love You","Stevie Wonder","At The Close Of A Century","People Jams","Playlist","USUMG9900476"
"Rude","MAGIC!","Don't Kill the Magic","People Jams","Playlist","CAV161300016"
"Angeleyes","ABBA","Voulez-Vous","People Jams","Playlist","SEAYD7901040"
"Smooth Operator (Single Version)","Sade","The Best of Sade","People Jams","Playlist","GBBBM8400016"
"Dancing Queen","ABBA","Arrival","People Jams","Playlist","SEAYD7601020"
"Gimme! Gimme! Gimme! (A Man After Midnight)","ABBA","Voulez-Vous","People Jams","Playlist","SEAYD7901120"
"Mamma Mia","ABBA","Abba","People Jams","Playlist","SEAYD7501010"
"Lay All Your Love On Me","ABBA","Super Trouper","People Jams","Playlist","SEAYD8001090"
"Come and Get Your Love (Single Version)","Redbone","Come and Get Your Love (Single Edit)","People Jams","Playlist","USSM17300653"
"Voulez-Vous","ABBA","Voulez-Vous","People Jams","Playlist","SEAYD7901020"
"Crazy","Gnarls Barkley","St. Elsewhere","People Jams","Playlist","USAT20611041"
"Brandy (You're a Fine Girl)","Looking Glass","Looking Glass","People Jams","Playlist","USSM10903222"
"I Wanna Dance with Somebody (Who Loves Me)","Whitney Houston","Whitney","People Jams","Playlist","USAR18700121"
"Smooth Criminal","Michael Jackson","Bad (25th Anniversary)","People Jams","Playlist","USSM11204989"
"Money, Money, Money","ABBA","ABBA Gold","People Jams","Playlist","SEAYD7601060"
"Higher Ground","Stevie Wonder","Innervisions","People Jams","Playlist","USMO17382652"
"Don't You (Forget About Me)","Simple Minds","Once Upon A Time (Super Deluxe)","People Jams","Playlist","GBAAA8500001"
"The Longest Time","Billy Joel","An Innocent Man","People Jams","Playlist","USSM18300273"
"Someone To You","BANNERS","Where The Shadow Ends","People Jams","Playlist","USUM71705215"
"Spirit In The Sky (Deluxe Edition)","Norman Greenbaum","Spirit In The Sky (Deluxe Edition)","People Jams","Playlist","USRE19600416"
"Holding Out for a Hero (From ""Footloose"" Soundtrack)","Bonnie Tyler","Secret Dreams and Forbidden Fire","People Jams","Playlist","USSM18300449"
"Immortals","Fall Out Boy","American Beauty/American Psycho","People Jams","Playlist","USUM71417740"
"Centuries","Fall Out Boy","American Beauty/American Psycho","People Jams","Playlist","USUM71412644"
"My Songs Know What You Did In The Dark (Light Em Up)","Fall Out Boy","Save Rock And Roll","People Jams","Playlist","USUM71300299"
"Good Vibrations","The Beach Boys","50 Big Ones: Greatest Hits","People Jams","Playlist","USCA21202140"
"Could You Be Loved","Bob Marley","Uprising","People Jams","Playlist","USIR28000016"
"Free Bird","Lynyrd Skynyrd","Pronounced' Leh-'Nerd 'Skin-'Nerd","People Jams","Playlist","USMC17301722"
"Rock And Roll All Nite","Kiss","Dressed To Kill","People Jams","Playlist","USPR37509157"
"(What A) Wonderful World","Sam Cooke","The Man Who Invented Soul","People Jams","Playlist","USRC10000389"
"Working for the Weekend","Toque","Give'r","People Jams","Playlist","QMBZ91680842"
"Take It Easy","Eagles","Eagles","People Jams","Playlist","USEE11300314"
"Thunderstruck","AC/DC","The Razors Edge","People Jams","Playlist","AUAP09000014"
"You Might Think","The Cars","Heartbeat City (Expanded Edition)","People Jams","Playlist","USEE11700319"
"Three Little Birds","Bob Marley & The Wailers","Legend - The Best Of Bob Marley And The Wailers","People Jams","Playlist","USIR27700016"
"The Way You Make Me Feel","Michael Jackson","Bad (25th Anniversary)","People Jams","Playlist","USSM11204981"
"California Dreamin'","The Mamas & The Papas","If You Can Believe Your Eyes And Ears","People Jams","Playlist","USMC16532697"
"Lido Shuffle (2023 Remaster)","Boz Scaggs","Silk Degrees (2023 Remaster)","People Jams","Playlist","USSM17500569"
"Life in the Fast Lane","Eagles","Hotel California","People Jams","Playlist","USEE11300355"
"You Can't Hurry Love","Phil Collins","Hello, I Must Be Going! (Deluxe Edition)","People Jams","Playlist","USRH11509315"
"Goodbye Yellow Brick Road","Elton John","Goodbye Yellow Brick Road","People Jams","Playlist","GBUM71304956"
"Boogie Wonderland","Earth, Wind & Fire","I Am","People Jams","Playlist","USSM19922860"
"Happy Together","The Turtles","Happy Together","People Jams","Playlist","USA560587940"
"I Will Survive (Single Version)","Gloria Gaynor","20th Century Masters: The Millennium Collection: Best Of Gloria Gaynor","People Jams","Playlist","USPR37800083"
"I Wanna Be Sedated","Ramones","Road to Ruin (40th Anniversary Deluxe Edition)","People Jams","Playlist","USRH11802019"
"Highway to Hell","AC/DC","Highway to Hell","People Jams","Playlist","AUAP07900028"
"Paint It Black","The Rolling Stones","Aftermath","People Jams","Playlist","USA176610020"
"Roxanne","The Police","Outlandos D'Amour (Remastered 2003)","People Jams","Playlist","GBAAM0201086"
"Go Your Own Way (2004 Remaster)","Fleetwood Mac","Rumours","People Jams","Playlist","USWB10400050"
"Every Breath You Take","The Police","Synchronicity (Remastered 2003)","People Jams","Playlist","GBAAM0201110"
"More Than a Feeling","Boston","Boston","People Jams","Playlist","USSM17600941"
"Freedom! '90","George Michael","Twenty Five","People Jams","Playlist","GBARL0601601"
"Rock You Like A Hurricane","Scorpions","Love At First Sting","People Jams","Playlist","USPR38430331"
"One Love / People Get Ready","Bob Marley & The Wailers","Legend - The Best Of Bob Marley And The Wailers","People Jams","Playlist","GBAAN7790002"
"Ride Like the Wind","Christopher Cross","Christopher Cross","People Jams","Playlist","USWB19901342"
"Drive By","Train","California 37","People Jams","Playlist","USSM11106876"
"Somebody to Love","Jefferson Airplane","Surrealistic Pillow","People Jams","Playlist","USRC10301008"
"It's a Long Way to the Top (If You Wanna Rock 'n' Roll)","AC/DC","Bonfire","People Jams","Playlist","USSM11206434"
"Can't Take My Eyes off You","Frankie Valli","Solo","People Jams","Playlist","USRH11000238"
"Copacabana","Barry Manilow","The Complete Collection...And Then Some","People Jams","Playlist","USAR19200129"
"Crazy Train","Ozzy Osbourne","Blizzard Of Ozz (40th Anniversary Expanded Edition)","People Jams","Playlist","USSM11002845"
"T.N.T.","AC/DC","High Voltage","People Jams","Playlist","AUAP07600012"
"Somebody's Watching Me","Rockwell","Somebody's Watching Me","People Jams","Playlist","USMO18400484"
"Bad","Michael Jackson","Bad (25th Anniversary)","People Jams","Playlist","USSM11204980"
"Hey There Delilah","Plain White T's","All That We Needed","People Jams","Playlist","US5260507213"
"Vienna","Billy Joel","The Stranger","People Jams","Playlist","USSM17700373"
"Tell Her About It","Billy Joel","An Innocent Man","People Jams","Playlist","USSM18300272"
"The Night Begins to Shine","B.E.R.","The Night Begins to Shine","People Jams","Playlist","USXFD1500002"
"I Was Made For Lovin' You","Kiss","Dynasty","People Jams","Playlist","USPR39330175"
"Hey Jude","The Beatles","1","People Jams","Playlist","GBUM71505902"
"Adventure of a Lifetime","Coldplay","A Head Full of Dreams","People Jams","Playlist","GBAYE1500981"
"Raspberry Beret","Prince & The Revolution","Around the World in a Day","People Jams","Playlist","USWB19902876"
"L-O-V-E","Nat King Cole","L-O-V-E","People Jams","Playlist","USCA29000091"
"Don't Stop 'Til You Get Enough","Michael Jackson","Off the Wall","People Jams","Playlist","USSM17900816"
"Let It Be","The Beatles","1","People Jams","Playlist","GBUM71505906"
"Take A Chance On Me","ABBA","The Album","People Jams","Playlist","SEAYD7702020"
"I Need Never Get Old","Nathaniel Rateliff & The Night Sweats","Nathaniel Rateliff & The Night Sweats","People Jams","Playlist","USC4R1503359"
"Beggin'","Måneskin","Chosen","People Jams","Playlist","ITB001700846"
"Tainted Love","Soft Cell","Non-Stop Erotic Cabaret","People Jams","Playlist","GBF088100017"
"You're The One That I Want (From “Grease”)","John Travolta","Grease (The Original Motion Picture Soundtrack)","People Jams","Playlist","NLF057890004"
"Thriller","Michael Jackson","Thriller 25 Super Deluxe Edition","People Jams","Playlist","USSM19902989"
"Cecilia","Simon & Garfunkel","Bridge Over Troubled Water","People Jams","Playlist","USSM16900181"
"Finesse","Bruno Mars","24K Magic","People Jams","Playlist","USAT21602952"
"Chiquitita","ABBA","Voulez-Vous","People Jams","Playlist","SEAYD7901080"
"Stand by Me","Ben E. King","Some Oldies","People Jams","Playlist","USAT21402270"
"American Pie","Don McLean","American Pie","People Jams","Playlist","USEM38600088"
"The Final Countdown","Europe","The Final Countdown (Expanded Edition)","People Jams","Playlist","USSM18600196"
"It's My Life","Bon Jovi","Crush","People Jams","Playlist","USIR20000145"
"Jailhouse Rock","Elvis Presley","Platinum - A Life In Music","People Jams","Playlist","USRC15705223"
"Mr. Brightside","The Killers","Hot Fuss","People Jams","Playlist","USIR20400274"
"The Anthem","Good Charlotte","The Young and The Hopeless","People Jams","Playlist","USSM10209827"
"Don't Worry Be Happy","Bobby McFerrin","Simple Pleasures","People Jams","Playlist","USEM38800361"
"Drops of Jupiter (Tell Me)","Train","Drops Of Jupiter","People Jams","Playlist","USSM10019751"
"Wouldn't It Be Nice","The Beach Boys","Pet Sounds (Original Mono & Stereo Mix)","People Jams","Playlist","USCA20000220"
"Surfin' U.S.A. (Remastered 2001)","The Beach Boys","Surfin' USA","People Jams","Playlist","USCA20001654"
"Sugar Sugar","The Archies","Everything's Archie","People Jams","Playlist","QM6N21704357"
"Somebody Told Me","The Killers","Hot Fuss","People Jams","Playlist","USIR20400195"
"Heartbreaker","Michael Jackson","Invincible","People Jams","Playlist","USSM10109825"
"P.Y.T. (Pretty Young Thing)","Michael Jackson","Thriller","People Jams","Playlist","USSM19902993"
"Your Love","The Outfield","Super Hits","People Jams","Playlist","USSM18500264"
"Cheri Cheri Lady","Modern Talking","Let's Talk About Love","People Jams","Playlist","DEC738500001"
"Livin' la Vida Loca","Ricky Martin","Ricky Martin","People Jams","Playlist","NLB639920005"
"Electric Avenue","Eddy Grant","Electric Avenue","People Jams","Playlist","UKALA2300001"
"Footloose","Kenny Loggins","Yesterday, Today, Tomorrow - The Greatest Hits Of Kenny Loggins","People Jams","Playlist","USSM18400107"
"Kickstart My Heart","Mötley Crüe","Dr. Feelgood","People Jams","Playlist","USBY29900215"
"You Can Call Me Al","Paul Simon","Graceland","People Jams","Playlist","USSM11002274"
"The Chain (2004 Remaster)","Fleetwood Mac","100 Greatest Classic Rock Songs","People Jams","Playlist","USWB11301116"
"We Built This City","Starship","Knee Deep In The Hoopla","People Jams","Playlist","USRC18503424"
"Head Over Heels (Dave Bascombe 7"" N.Mix)","Tears For Fears","Head Over Heels","People Jams","Playlist","GBF080400754"
"The Middle","Jimmy Eat World","Bleed American","People Jams","Playlist","USDW10110256"
"Girls Got Rhythm (Live at the Pavillion de Paris, Paris, France - December 1979)","AC/DC","Bonfire","People Jams","Playlist","USEW18000009"
"Walk Like an Egyptian","The Bangles","The Essential Bangles","People Jams","Playlist","USSM18500592"
"Walk This Way","Aerosmith","Toys In The Attic","People Jams","Playlist","USSM19906481"
"Can't Stop","Red Hot Chili Peppers","By the Way","People Jams","Playlist","USWB10201694"
"Rich Girl","Daryl Hall & John Oates","Bigger Than Both Of Us","People Jams","Playlist","USRC17607760"
"Saturday Night’s Alright (For Fighting)","Elton John","Goodbye Yellow Brick Road","People Jams","Playlist","GBUM71304966"
"Starman","David Bowie","The Rise and Fall of Ziggy Stardust and the Spiders from Mars","People Jams","Playlist","USJT11200004"
"Hell N Back","Bakar","Hell N Back","People Jams","Playlist","GBARL1900848"
"Borderline","Tame Impala","The Slow Rush","People Jams","Playlist","AUUM71900956"
"The Boys Are Back","Dropkick Murphys","SIGNED and SEALED in BLOOD","People Jams","Playlist","USK251300001"
"Look Better In Gold","Friday Pilots Club","Friday Pilots Club","People Jams","Playlist","USCJY2067033"
"Joker And The Thief","Wolfmother","Wolfmother (10th Anniversary Deluxe Edition)","People Jams","Playlist","AUUM70500115"
"Harlem","New Politics","A Bad Girl In Harlem","People Jams","Playlist","USRC11201574"
"Hey Ya!","Outkast","Speakerboxxx/The Love Below","People Jams","Playlist","USAR10300924"
"Rosanna","Toto","Toto IV","People Jams","Playlist","USSM18200245"
"broken","lovelytheband","finding it hard to smile","People Jams","Playlist","US3DF1712109"
"Hungry like the Wolf (2009 Remaster)","Duran Duran","80s HITS – 100 Greatest Songs of the 1980s","People Jams","Playlist","GBAYE0901090"
"Uptown Girl","Billy Joel","An Innocent Man","People Jams","Playlist","USSM18300270"
"Stolen Dance","Milky Chance","Sadnecessary (Bonus Track Version)","People Jams","Playlist","DEL211300741"
"Play That Funky Music","Wild Cherry","Wild Cherry","People Jams","Playlist","USSM19912699"
"Upside Down","Jack Johnson","Jack Johnson And Friends: Sing-A-Longs And Lullabies For The Film Curious George","People Jams","Playlist","USUG10500591"
"Boogie Shoes","KC & The Sunshine Band","KC & the Sunshine Band... and More","People Jams","Playlist","USRH10175349"
"Take Me Out","Franz Ferdinand","Franz Ferdinand","People Jams","Playlist","GBCEL0300192"
"Surrender","Cheap Trick","Heaven Tonight","People Jams","Playlist","USSM19802566"
"All Night Long (Single Version)","Lionel Richie","Back To Front","People Jams","Playlist","USMO18390005"
"Fame","Irene Cara","Fame (Original Motion Picture Soundtrack)","People Jams","Playlist","USNLR1200531"
"Funkytown","Lipps Inc.","Mouth to Mouth","People Jams","Playlist","USIR20300047"
"More Than A Woman (From ""Saturday Night Fever"" Soundtrack)","Bee Gees","Greatest","People Jams","Playlist","NLF057790033"
"Low Rider","War","Why Can't We Be Friends?","People Jams","Playlist","USRHD0610212"
"Lady (Hear Me Tonight)","Modjo","Modjo","People Jams","Playlist","FR9W10100535"
"Waterloo","ABBA","Waterloo","People Jams","Playlist","SEAYD7415010"
"Night Fever (From ""Saturday Night Fever"" Soundtrack)","Bee Gees","Greatest","People Jams","Playlist","NLF057790035"
"Oh, Pretty Woman","Roy Orbison","Oh, Pretty Woman","People Jams","Playlist","USSM16401425"
"The Thrill","Wiz Khalifa","The Thrill (feat. Empire of the Sun)","People Jams","Playlist","USA2P2033760"
"Bring The Drums Back","NOISY","Press Space To Play (EP)","People Jams","Playlist","GBUM72000023"
"Love Train","The O'Jays","Back Stabbers","People Jams","Playlist","USSM17200048"
"I'm A Believer (From ""Shrek"" Motion Picture Soundtrack)","Smash Mouth","Shrek","People Jams","Playlist","USDW10110177"
"It's Raining Men","The Weather Girls","Success","People Jams","Playlist","USSM18200382"
"My Girl","The Temptations","The Temptations Sing Smokey","People Jams","Playlist","USMO16490001"
"Stuck In The Middle With You","Stealers Wheel","Stealers Wheel","People Jams","Playlist","GBAAM7200002"
"Hit the Road Jack","Ray Charles","True Genius","People Jams","Playlist","QZR8K2111005"
"You're My Best Friend","Queen","A Night At The Opera (Deluxe Remastered Version)","People Jams","Playlist","GBUM71029609"
"In My Life (Remastered 2009)","The Beatles","Rubber Soul (Remastered 2009)","People Jams","Playlist","GBAYE0601489"
"Right Back Where We Started From","Maxine Nightingale","Right Back Where We Started From","People Jams","Playlist","GBAYE7500076"
"Get Down On It (Single Version)","Kool & The Gang","Collected","People Jams","Playlist","USPR38100044"
"December, 1963 (Oh What a Night!)","The Four Seasons","Who Loves You","People Jams","Playlist","USRH10175221"
"Rocket Man (I Think It's Going To Be A Long, Long Time)","Elton John","Honky Chateau","People Jams","Playlist","GBAMB7200006"
"Love Grows (Where My Rosemary Goes)","Edison Lighthouse","Love Grows (Where My Rosemary Goes) & Other Gems","People Jams","Playlist","GBBPJ9800675"
"Old Time Rock & Roll","Bob Seger & The Silver Bullet Band","Stranger In Town","People Jams","Playlist","USCA28600270"
"(I Can't Get No) Satisfaction (Mono)","The Rolling Stones","Singles 1965-1967","People Jams","Playlist","USA176510160"
"Brown Eyed Girl","Van Morrison","Blowin' Your Mind!","People Jams","Playlist","USSM16700357"
"Should I Stay or Should I Go","The Clash","Combat Rock + The People's Hall","People Jams","Playlist","GBARL1200670"
"Paranoid","Black Sabbath","Paranoid","People Jams","Playlist","USWB11304628"
"Basket Case","Green Day","Dookie","People Jams","Playlist","USRE19900151"
"Fortunate Son","Creedence Clearwater Revival","Willy And The Poor Boys (Expanded Edition)","People Jams","Playlist","USC4R0817618"
"Bad Moon Rising","Creedence Clearwater Revival","Green River (Expanded Edition)","People Jams","Playlist","USC4R0817604"
"Blitzkrieg Bop","Ramones","Ramones (40th Anniversary Deluxe Edition; 2016 Remaster)","People Jams","Playlist","USRH11601901"
"Start Me Up (Remastered 2009)","The Rolling Stones","Tattoo You (2009 Re-Mastered)","People Jams","Playlist","GBUM70909474"
"Bang a Gong (Get It On)","T. Rex","Electric Warrior","People Jams","Playlist","USRE10100460"
"That's the Way (I Like It) [2004 Remaster]","KC & The Sunshine Band","KC & the Sunshine Band","People Jams","Playlist","GBAYE0400454"
"Bang the Drum All Day","Todd Rundgren","The Ever Popular Tortured Artist Effect","People Jams","Playlist","USRH11509328"
"Make Your Own Kind Of Music","Mama Cass","Mama's Big Ones","People Jams","Playlist","USMC16951587"
"My Life","Billy Joel","52nd Street","People Jams","Playlist","USSM17800448"
"Together Forever","Rick Astley","Whenever You Need Somebody","People Jams","Playlist","GBARL9300136"
"Show Me The Way","Peter Frampton","Frampton","People Jams","Playlist","USAM17700401"
"Young Folks","Peter Bjorn And John","Writer's Block","People Jams","Playlist","SEBPA0600024"
"Crazy On You","Heart","Dreamboat Annie","People Jams","Playlist","USCA28600007"
"Barracuda","Heart","Little Queen","People Jams","Playlist","USSM10009075"
"Tiny Dancer","Elton John","Madman Across The Water","People Jams","Playlist","GBAMB7100001"
"Come On Eileen","Dexys Midnight Runners","Too Rye Ay","People Jams","Playlist","GBF088200006"
"Homecoming","Kanye West","Graduation","People Jams","Playlist","USUM70749093"
"Valerie (Version Revisited)","Mark Ronson","Version","People Jams","Playlist","GBARL0700173"
"Sweater Weather","The Neighbourhood","I Love You.","People Jams","Playlist","USSM11300080"
"505","Arctic Monkeys","Favourite Worst Nightmare","People Jams","Playlist","GBCEL0700074"
"Fat Bottomed Girls","Queen","Jazz (Deluxe Remastered Version)","People Jams","Playlist","GBUM71029607"
"Here It Goes Again","OK Go","Oh No","People Jams","Playlist","USCA20500270"
"This Too Shall Pass","OK Go","Of the Blue Colour of the Sky","People Jams","Playlist","USCA20904749"
"The Writing's On the Wall","OK Go","Hungry Ghosts","People Jams","Playlist","QMRSZ1401170"
"Needing / Getting","OK Go","Of the Blue Colour of the Sky","People Jams","Playlist","USCA20904751"
"The One Moment","OK Go","Hungry Ghosts","People Jams","Playlist","QMRSZ1401172"
"Are You Gonna Be My Girl","Jet","Get Born (Deluxe Edition)","People Jams","Playlist","USEE10340526"
"Howlin' for You","The Black Keys","Brothers","People Jams","Playlist","USNO11000079"
"Fox On The Run","Sweet","Desolation Boulevard","People Jams","Playlist","USCA28800173"
"Heartbreaker","Pat Benatar","In The Heat Of The Night","People Jams","Playlist","USCH38400033"
"Gold on the Ceiling (2021 Remaster)","The Black Keys","El Camino (2021 Remaster)","People Jams","Playlist","USNO12100178"
"One Way Or Another","Blondie","Best Of Blondie","People Jams","Playlist","USCH38500014"
"Burning Love (with The Royal Philharmonic Orchestra)","Elvis Presley","If I Can Dream: Elvis Presley with the Royal Philharmonic Orchestra","People Jams","Playlist","USRC11500244"
"Sick Love","Red Hot Chili Peppers","The Getaway","People Jams","Playlist","USWB11600621"
"My Type","Saint Motel","My Type EP","People Jams","Playlist","GBAYE1400856"
"She's Not Gone Yet but She's Leaving","The Fratellis","We Need Medicine","People Jams","Playlist","GB5KW1301062"
"Trouble’s Coming","Royal Blood","Typhoons","People Jams","Playlist","GBAHT2000193"
"I'm Gonna Be (500 Miles)","The Proclaimers","Sunshine on Leith","People Jams","Playlist","GBAYK8800055"
"Ballroom Blitz","Sweet","Desolation Boulevard","People Jams","Playlist","USCA28800090"
"Jessie's Girl","Rick Springfield","Working Class Dog","People Jams","Playlist","USRC18108188"
"You Get What You Give","New Radicals","Maybe You've Been Brainwashed Too","People Jams","Playlist","USMC19858327"
"Magic","Pilot","From The Album Of The Same Name","People Jams","Playlist","GBAYE7400052"
"You Spin Me Round (Like a Record)","Dead Or Alive","You Spin Me Round","People Jams","Playlist","GBBBM9999987"
"Dancing In the Dark","Bruce Springsteen","Born In The U.S.A.","People Jams","Playlist","USSM18400416"
"Baker Street","Gerry Rafferty","City to City","People Jams","Playlist","GBAYE7800619"
"Runnin' Down A Dream","Tom Petty","Full Moon Fever","People Jams","Playlist","USMC18925680"
"Juke Box Hero","Foreigner","4 (Expanded)","People Jams","Playlist","USAT20803006"
"Takin' Care Of Business","Bachman-Turner Overdrive","Bachman-Turner Overdrive II","People Jams","Playlist","USMR17387011"
"Renegade","Styx","Pieces Of Eight","People Jams","Playlist","USAM17800365"
"Up Around The Bend","Creedence Clearwater Revival","Cosmo's Factory (Expanded Edition)","People Jams","Playlist","USC4R0817632"
"Long Train Runnin'","The Doobie Brothers","The Captain and Me","People Jams","Playlist","USWB19900751"
"Saturday in the Park (2002 Remaster)","Chicago","Chicago V (Expanded & Remastered)","People Jams","Playlist","USRH10291749"
"Up On Cripple Creek","The Band","The Band","People Jams","Playlist","USCA20000792"
"Glory Days","Bruce Springsteen","Born In The U.S.A.","People Jams","Playlist","USSM18400415"
"Jet Airliner","Steve Miller Band","Book Of Dreams","People Jams","Playlist","USCA28700789"
"Rock'n Me","Steve Miller Band","Fly Like An Eagle","People Jams","Playlist","USCA28700297"
"We're An American Band (Remastered 2002)","Grand Funk Railroad","We're An American Band (Expanded Edition / Remastered 2002)","People Jams","Playlist","USCA20200334"
"The Joker","Steve Miller Band","The Joker","People Jams","Playlist","USCA29100532"
"Reelin' In The Years","Steely Dan","Can't Buy A Thrill","People Jams","Playlist","USMC17347184"
"That's All (2007 Remaster)","Genesis","Genesis (2007 Remaster)","People Jams","Playlist","GBAAA0700785"
"Listen to the Music","The Doobie Brothers","Toulouse Street","People Jams","Playlist","USWB10000626"
"The Boys Are Back In Town","Thin Lizzy","Jailbreak (Deluxe Edition)","People Jams","Playlist","GBF087600063"
"Bust A Move","Young MC","Stone Cold Rhymin'","People Jams","Playlist","USA370507645"
"Carry on Wayward Son","Kansas","Leftoverture (Expanded Edition)","People Jams","Playlist","USSM17600874"
"Heat Of The Moment","Asia","Asia","People Jams","Playlist","USGF18200801"
"Money For Nothing","Dire Straits","Air (Amazon Original Motion Picture Soundtrack)","People Jams","Playlist","USRH12200558"
"Long Cool Woman (In a Black Dress) (1999 Remaster)","The Hollies","Distant Light (Expanded Edition)","People Jams","Playlist","GBGYU9900019"
"My Sharona","The Knack","Get the Knack","People Jams","Playlist","USCA28900153"
"Easy Lover","Philip Bailey","Chinese Wall (Expanded Edition)","People Jams","Playlist","USSM18400801"
"Burnin' for You","Blue Oyster Cult","Fire of Unknown Origin","People Jams","Playlist","USSM10017652"
"Jungle Love","Steve Miller Band","Book Of Dreams","People Jams","Playlist","USCA28700783"
"Jack & Diane","John Mellencamp","American Fool","People Jams","Playlist","USJM18200001"
"Stacy's Mom","Fountains Of Wayne","Welcome Interstate Managers","People Jams","Playlist","USESC0300016"
"I Love Rock 'N Roll","Joan Jett & the Blackhearts","I Love Rock 'N' Roll (Expanded Edition)","People Jams","Playlist","USBH18100118"
"Hurts So Good","John Mellencamp","American Fool","People Jams","Playlist","USJM18200002"
"Fly Like An Eagle","Steve Miller Band","Fly Like An Eagle","People Jams","Playlist","USCA28700717"
"China Grove","The Doobie Brothers","The Captain and Me","People Jams","Playlist","USWB19900750"
"Bad Case Of Loving You (Doctor, Doctor)","Robert Palmer","Secrets (Expanded Edition)","People Jams","Playlist","USIR27900020"
"Pour Some Sugar On Me","Def Leppard","The Story So Far: The Best Of Def Leppard (Deluxe)","People Jams","Playlist","GBUM71701307"
"Hit Me With Your Best Shot","Pat Benatar","Crimes Of Passion","People Jams","Playlist","USCH38400009"
"Dreams","Fleetwood Mac","TikTok Songs Viral Hits","People Jams","Playlist","USWB11301111"
"Santeria","Sublime","Sublime","People Jams","Playlist","USGA19649253"
"Proud Mary","Tina Turner","What's Love Got to Do with It?","People Jams","Playlist","GBAYE9300862"
"Invisible Touch (2007 Remaster)","Genesis","Invisible Touch (2007 Remaster)","People Jams","Playlist","GBAAA0700779"
"Urgent","Foreigner","4 (Expanded)","People Jams","Playlist","USAT20803010"
"Hot Blooded","Foreigner","Double Vision (Expanded)","People Jams","Playlist","USAT20803018"
"Burning Heart (From ""Rocky IV"" Soundtrack)","Survivor","Rocky IV","People Jams","Playlist","USVR19300003"
"Abracadabra","Steve Miller Band","Abracadabra","People Jams","Playlist","USCA28500258"
"Southern Nights","Glen Campbell","Southern Nights","People Jams","Playlist","USCN17600069"
"Bad To The Bone","George Thorogood & The Destroyers","BAD TO THE BONE","People Jams","Playlist","USEM38500069"
"We're Not Gonna Take It","Twisted Sister","Stay Hungry","People Jams","Playlist","USAT20000548"
"Don't Stop (2004 Remaster)","Fleetwood Mac","Rumours","People Jams","Playlist","USWB10400049"
"Jerk It Out","Caesars","Love For The Streets","People Jams","Playlist","SEVBU0200002"
"Don't You Want Me","The Human League","Dare!","People Jams","Playlist","GBAAA0200924"
"Give It Up","KC & The Sunshine Band","All In a Night's Work (Expanded Version)","People Jams","Playlist","USSM19801505"
"S.O.B.","Nathaniel Rateliff & The Night Sweats","Nathaniel Rateliff & The Night Sweats","People Jams","Playlist","USC4R1503363"
"Pump It","The Black Eyed Peas","Monkey Business","People Jams","Playlist","USIR10500407"
"Just What I Needed","The Cars","The Cars","People Jams","Playlist","USEE17500009"
"Maneater","Daryl Hall & John Oates","H2O","People Jams","Playlist","USRC10301821"
"Take Me Home Tonight","Eddie Money","Can't Hold Back","People Jams","Playlist","USSM10113106"
"I Need A Dollar","Aloe Blacc","Good Things","People Jams","Playlist","US2S71045001"
"White Room","Cream","Wheels Of Fire","People Jams","Playlist","GBA076800030"
"I Want To Break Free","Queen","The Works (Deluxe Remastered Version)","People Jams","Playlist","GBUM71029625"
"Holiday","Green Day","Holiday","People Jams","Playlist","USRE10500451"
"Mysterious Ways","U2","Achtung Baby","People Jams","Playlist","GBUM71106456"
"Private Eyes","Daryl Hall & John Oates","Private Eyes (Expanded Edition)","People Jams","Playlist","USRC10301825"
"Renegades","X Ambassadors","VHS","People Jams","Playlist","USUM71502643"
"Movin' Out (Anthony's Song)","Billy Joel","The Stranger","People Jams","Playlist","USSM17700369"
"You're So Vain","Carly Simon","No Secrets","People Jams","Playlist","USEE19900883"
"Love Shack","The B-52's","Cosmic Thing","People Jams","Playlist","USRE18900030"
"Howlin' for You","The Black Keys","Brothers (Deluxe Remastered Anniversary Edition)","People Jams","Playlist","USNO12000174"
"Dreams (2004 Remaster)","Fleetwood Mac","Rumours","People Jams","Playlist","USWB10400046"
"You May Be Right","Billy Joel","Glass Houses","People Jams","Playlist","USSM17900398"
"Cold as Ice","Foreigner","Foreigner (Expanded)","People Jams","Playlist","USAT29900657"
"All Right Now (Single Version)","Free","Fire And Water (Deluxe Edition)","People Jams","Playlist","GBAAN7000064"
"Radar Love","Golden Earring","The Long Versions - Part One","People Jams","Playlist","NLC287300054"
"Separate Ways (Worlds Apart)  [2024 Remaster]","Journey","Greatest Hits (2024 Remaster)","People Jams","Playlist","USSM19932796"
"Money","Pink Floyd","The Dark Side of the Moon","People Jams","Playlist","GBN9Y1100081"
"I Ran (So Far Away)","A Flock Of Seagulls","A Flock Of Seagulls","People Jams","Playlist","GBAHK0100091"
"Gold on the Ceiling","The Black Keys","El Camino","People Jams","Playlist","USNO11100275"
"Under the Bridge","Red Hot Chili Peppers","Blood Sugar Sex Magik (Deluxe Edition)","People Jams","Playlist","USWB19901576"
"Ain't No Rest for the Wicked","Cage The Elephant","Cage The Elephant (Expanded Edition)","People Jams","Playlist","USJI10900260"
"Scar Tissue","Red Hot Chili Peppers","Californication (Deluxe Version)","People Jams","Playlist","USWB19900674"
"Layla","Derek & The Dominos","Layla And Other Assorted Love Songs","People Jams","Playlist","GBUM71028890"
"Nevada","Vicetone","Nevada (feat. Cozi Zuehlsdorff)","People Jams","Playlist","CA6D21600175"
"(Don't Fear) The Reaper","Blue Oyster Cult","Agents Of Fortune","People Jams","Playlist","USSM17600477"
"Simple Man","Lynyrd Skynyrd","Pronounced' Leh-'Nerd 'Skin-'Nerd","People Jams","Playlist","USMC17301726"
"A Horse with No Name","America","America","People Jams","Playlist","USWB19901792"
"The Distance","CAKE","Fashion Nugget","People Jams","Playlist","USCA19686701"
"867-5309 / Jenny","Tommy Tutone","Tommy Tutone - 2","People Jams","Playlist","USSM18100804"
"No One Like You","Scorpions","Blackout","People Jams","Playlist","USMR18210006"